{
"std_dev_x" : [75.33925098565935, 127.57512141961882, 127.5230004260182, 44.50923672661861, 48.30313376226713, 25.7941392926763, 23.169228365623038, 81.921746210574, 66.0443659848599, 8.591341221501693, 9.133636123554751]
} 
{
"std_dev_y" : [56.48502684243243, 40.72305631160085, 40.440720133663014, 36.39665663571271, 96.10265780206777, 88.02706003324043, 8.34984029257221, 15.416656759993733, 20.52767625434901, 27.423314546358956, 29.41175384962324]
} 
{
"std_dev_angle" : [1.7958799344163796, 1.9397917491221288, 2.411655511771258, 4.1743807279843566, 2.084300000145723, 1.9017197817612983, 1.7432878873033435, 5.194850781751661, 1.1369806425142033, 5.923888136954027, 0.31410305607937583]
} 
