{
"std_dev_x" : [75.56759838539973, 92.23210937829676, 93.80081740680359, 57.54412005687584, 52.96051753673814, 32.070988128531866, 14.512780688456303, 7.1793051701836585, 10.208937067117207, 8.356836402354103, 8.349942163127634]
} 
{
"std_dev_y" : [56.58401707876168, 43.51883202109494, 47.20238542078613, 37.696312334103325, 68.75529502583586, 42.60322319239954, 6.1524728526536405, 9.542839942933178, 10.241141873817641, 6.2730868739542345, 5.361641742647253]
} 
{
"std_dev_angle" : [1.8011512267240162, 1.74591965776649, 2.220337571332604, 3.9597716584076004, 1.4004938978985435, 0.986777953343717, 0.4184842796509368, 5.785782028996914, 0.2401434961524862, 5.501959607734806, 0.15966363521189358]
} 
