{
"std_dev_x" : [75.14032723274629, 119.27880269980191, 112.66505157736543, 53.69074643565925, 63.228144919264864, 39.03490815988507, 34.056473807951704, 119.59104334073456, 120.74941764532437, 13.424740735140201, 14.15413494861057]
} 
{
"std_dev_y" : [56.621614368670805, 42.53845387169763, 41.12855346213825, 36.40572778263367, 91.24982154092982, 96.53759469194425, 16.56779639947559, 38.25069329259863, 60.08462233622451, 9.81367875539588, 6.444037069035031]
} 
{
"std_dev_angle" : [1.8108835899975961, 1.8373963412817087, 1.9932515618588442, 4.3785722217415595, 2.104372884584511, 2.1443871955860248, 2.940574824007281, 4.397522586333081, 2.53334489492757, 6.012242341582188, 0.21074730055733246]
} 
