{
"std_dev_x" : [74.00152718365908, 112.67603682784562, 125.35380153945265, 48.80182733011703, 49.24303427788293, 57.085023106718374, 34.70501879798577, 42.458552046644094, 49.487308634921035, 6.487642576144825, 6.487748549231724]
} 
{
"std_dev_y" : [58.24639046736343, 45.258525828785544, 41.55913832366453, 32.729228198501566, 91.89065091078785, 96.03086692567396, 10.21177654814372, 14.105825835865122, 21.495517154828363, 20.437665277565905, 15.27723600464859]
} 
{
"std_dev_angle" : [1.8512396722819926, 1.7549833106168287, 2.3653630547670166, 4.310684089259747, 2.112995664354897, 1.9661826897997141, 1.6838483945294829, 1.4162233672919775, 0.8515689463094633, 0.7291109777936908, 0.20922653386638762]
} 
