{
"std_dev_x" : [74.00152718365908, 115.40938458662183, 122.23198543977122, 44.176425721582746, 61.67538541099724, 31.27514003963616, 41.99335192094723, 62.65313400331882, 27.76774343836801, 3.0407501098382226, 6.409582170107751]
} 
{
"std_dev_y" : [58.24639046736343, 43.07193074785357, 40.56748677457374, 26.569180418402304, 131.20037828016493, 132.2976757236692, 5.869627527526924, 9.133283593640801, 13.015711320262069, 6.80497016608146, 4.659623340447344]
} 
{
"std_dev_angle" : [1.8512396722819926, 2.138374557171126, 2.7348133929808744, 3.7452016920624, 2.6587197456674936, 2.8330050260342174, 2.673515039062841, 5.7975155127464255, 0.4889334368150344, 5.6586550274370255, 0.1597914627809003]
} 
