{
"std_dev_x" : [75.29445706760256]
} 
{
"std_dev_y" : [55.166854597354295]
} 
{
"std_dev_angle" : [1.823933683962769]
} 
