{
"std_dev_x" : [74.00152718365908, 113.53354973603929, 115.16567725269405, 48.00194802929847, 50.94603479817498, 52.97004180201032, 43.51143445137539, 42.491166529134716, 36.475532655480436, 158.253922863928, 121.2753490846942, 94.06364152089695, 72.9824084068871, 7.221810044422857]
} 
{
"std_dev_y" : [58.24639046736343, 52.5076210428304, 47.09212694052439, 29.965492106599825, 113.4768950644996, 121.47944664541647, 120.63660614528105, 149.08361502290668, 12.254993550587802, 37.86890574796649, 51.669049249280114, 17.941370468070218, 10.202829678302098, 8.686708560209492]
} 
{
"std_dev_angle" : [1.8512396722819926, 1.982560978007369, 2.6607030198582997, 3.507348538967179, 2.8534560658373076, 2.7887168456447067, 3.057039915204211, 3.1096804806796627, 2.8788508665552444, 2.950937648172302, 2.621156867364539, 2.1616474412086975, 2.358508696384347, 0.15442558608228482]
} 
