{
"std_dev_x" : [74.00152718365908, 100.43137022487223, 103.96551926890578, 51.492696738824534, 48.76367852818735, 24.328081212687312, 15.031136088182347, 73.2741855410007, 67.79544082906372, 4.945179249437854, 7.316441158507534]
} 
{
"std_dev_y" : [58.24639046736343, 40.60883716129621, 38.788144221563776, 24.646939667359785, 93.36814406006026, 78.91104922648586, 7.146272281213656, 12.865735727706822, 27.254928976871124, 4.244427611180814, 3.8228804135894556]
} 
{
"std_dev_angle" : [1.8512396722819926, 1.8106977978916368, 2.3428776452460167, 4.183151199966796, 1.9330054323159693, 1.591270874295907, 1.4009462438775329, 5.224872417328266, 1.367995847177818, 5.285091407672117, 0.1549399356212402]
} 
