{
"std_dev_x" : [74.00152718365908, 69.52587614830604, 102.5796643848291, 97.31534504348228, 90.97040103491113, 70.75756221682276, 36.19720990940325, 34.24039824156053, 15.928550673567763, 13.539413123210025, 8.973347226056324, 6.874556353451716, 6.54029283157411]
} 
{
"std_dev_y" : [58.24639046736343, 53.12236934445307, 50.02243814134334, 52.53646632611166, 56.556048629697976, 31.705669510971884, 47.60551742808421, 40.045527118189106, 14.801201087353522, 10.698649541582887, 10.541630095327053, 10.447730487313542, 3.8917490392276304]
} 
{
"std_dev_angle" : [1.8512396722819926, 1.8863091606803026, 1.9068153880564809, 1.3871102807987248, 1.7925647083494802, 3.0331638844893765, 1.223546467842061, 0.9983655298904229, 0.9020974226681949, 3.4338395356104687, 0.18984833521158487, 3.5859809403708716, 0.10089859656693341]
} 
