{
"std_dev_x" : [75.33925098565935, 130.5201112596312, 131.66942288445347, 36.36106379820031, 47.497998160002474, 23.680827928624744, 38.308209186270744, 27.984887685547726, 15.828519304364109, 6.237732120501756, 10.045979742213797]
} 
{
"std_dev_y" : [56.48502684243243, 34.07300129008641, 29.32423987139552, 22.62861544799461, 112.5048523324672, 139.3040710317296, 7.435923269924393, 9.511375767057388, 12.385400295614701, 5.893695768204512, 4.693928802362221]
} 
{
"std_dev_angle" : [1.7958799344163796, 2.018538279459461, 2.5553101583527087, 4.023524241746993, 2.297069544944703, 3.0291276285830104, 2.502134008497176, 5.898284905293753, 0.34349120121547544, 6.019506949957066, 0.18925143584265455]
} 
