{
"std_dev_x" : [75.33925098565935, 128.74636378489532, 129.78600198435126, 33.292347736523055, 39.68731820734689, 31.141711684240573, 24.720348203052218, 112.34630991600133, 96.19530143415268, 4.630021234281174, 9.037059427827556]
} 
{
"std_dev_y" : [56.48502684243243, 36.73754776368773, 32.05275047402448, 32.71926276428542, 86.4719768008127, 119.61746693581699, 7.09278100054967, 9.646287394976714, 33.098381302101, 7.12656192881661, 4.35372921566638]
} 
{
"std_dev_angle" : [1.7958799344163796, 2.2199263160744964, 2.697939332753949, 4.02871361391217, 1.8493964323898782, 2.565038007355267, 2.356430543873653, 4.733110547012712, 1.731233329051024, 5.79961780536201, 0.21809021099920264]
} 
