{
"std_dev_x" : [72.67294079455658, 98.62249706536076, 97.7625915311174, 41.40462971344595, 45.349761762794536, 43.01416959264772, 30.502809799245522, 36.28014005835566, 14.700064420395108]
} 
{
"std_dev_y" : [57.754087049913004, 52.76099999133738, 50.40118343417796, 29.960066711884306, 82.82188505443118, 64.31309735906729, 69.24970784990587, 89.68385716516357, 11.819780834556655]
} 
{
"std_dev_angle" : [1.811602678529423, 1.6212442989594158, 2.179919009235267, 3.9630293157321894, 1.734967583211437, 1.299770810905047, 1.8645200686139787, 1.980968944534549, 1.8583761087018313]
} 
