{
"std_dev_x" : [76.54519986947558, 126.02072922262431, 117.87064345595998, 60.33331393010005, 62.48302427498272, 33.55223242281136, 42.810574960749776, 132.51708310378302, 86.25950368284634, 4.012618817647069, 6.278699273190727]
} 
{
"std_dev_y" : [56.29251696328524, 39.02538588736106, 33.491580594407445, 31.50701250180352, 129.00388262143284, 149.0507446317044, 7.189197163246811, 9.737814935670338, 30.69888183458242, 3.8268092798182916, 4.133675338017254]
} 
{
"std_dev_angle" : [1.8271296867367453, 2.1918321555067237, 2.5022126858264016, 3.592821182630888, 2.6989144404000753, 3.109736719577415, 2.812577795963672, 4.629839662141736, 1.421805591964734, 5.671249971805421, 0.17219147498684345]
} 
