{
"std_dev_x" : [75.14032723274629, 126.93338375586097, 125.27339485151919, 46.28650941275851, 54.6921063973825, 55.24068610153493, 35.099528925201675, 34.93437835822149, 31.156053910699647, 164.05107164899943, 153.10797069550216, 160.51162363238237, 165.46124046957112, 7.055520493632533]
} 
{
"std_dev_y" : [56.621614368670805, 41.62279401484977, 40.6197237429496, 37.46295401379473, 100.63733852488726, 111.96537123636705, 122.19762747036404, 147.72374237667327, 11.279960034590706, 46.434628714303535, 55.90128476220109, 31.07051124893469, 40.2049013853492, 6.769514235989119]
} 
{
"std_dev_angle" : [1.8108835899975961, 2.1031224758457254, 2.606487227563009, 3.7304007582791425, 2.4010804484780923, 2.4660704373312536, 3.3031202209906425, 3.2574707653955866, 2.722752586174418, 3.4787733805631285, 2.694290427403638, 3.891591032145888, 4.198484454283405, 0.10889637266489538]
} 
