{
"std_dev_x" : [75.14032723274629, 175.0153246323058, 154.66195748591215, 18.505117120726347, 27.434637279186052, 27.59700191579456, 15.224136503406239, 13.88431882597507, 8.37734930853692]
} 
{
"std_dev_y" : [56.621614368670805, 18.594497715172025, 16.57970327738344, 11.561042658924382, 117.66709628933917, 126.78295433104391, 120.99499317477213, 146.27646060547403, 6.810029490614684]
} 
{
"std_dev_angle" : [1.8108835899975961, 2.513206134572855, 2.3737442012656595, 3.972450595111907, 2.5326251425629276, 2.55739280954278, 3.118412846430211, 3.016066018027615, 2.942496179584507]
} 
