{
"std_dev_x" : [75.14032723274629, 112.05921957028768, 104.41226615049092, 47.581737472496975, 52.597209582683604, 33.234897061942036, 17.99270591686049, 117.27512073452203, 109.3513900607869, 6.569409233714841, 11.147394787586885]
} 
{
"std_dev_y" : [56.621614368670805, 36.60657444988906, 36.98549888123784, 25.888708803085898, 91.25257387589589, 88.26247951938095, 9.574525467739633, 39.2482417254311, 37.87672072948329, 4.911886597743206, 4.383359339411782]
} 
{
"std_dev_angle" : [1.8108835899975961, 1.9777581524475416, 2.01563099105015, 3.8496463994126313, 1.8873990309013664, 2.3044970727211767, 1.891347934450327, 4.008360152916166, 1.9582124657432565, 5.457789085549763, 0.16016697763583898]
} 
