{
"std_dev_x" : [72.67294079455658, 88.6911775364887, 104.84564890349519, 55.48505019210742, 61.46722218886529, 44.31717995595824, 27.065970516322864, 58.23662232491704, 47.02799587695529, 3.746458754141637, 11.989329728907617]
} 
{
"std_dev_y" : [57.754087049913004, 42.12406900433558, 36.68265674142044, 29.05452087855584, 102.19065422758132, 114.65750463211477, 7.985227188379946, 27.578560091150194, 24.23000695231851, 8.808488163751187, 9.362545473859077]
} 
{
"std_dev_angle" : [1.811602678529423, 1.672891273916076, 2.5661241416820184, 4.4002995096551825, 2.0133011755389596, 2.481258796255455, 2.286077660121978, 5.709755868010601, 0.9056238218056261, 6.056731077931006, 0.23924070118606247]
} 
