{
"std_dev_x" : [75.52665492707567, 112.64311431903408, 109.45013671951405, 42.48485147200955, 43.7838726902671, 22.28441941395471, 17.91292276497773, 57.87158579316892, 54.594894855385895, 20.955980849659312, 19.568616241745403]
} 
{
"std_dev_y" : [56.97881696162427, 43.72427895750569, 39.70960378470227, 40.757841402790305, 92.8715912887104, 88.23829867375642, 7.931712572494903, 9.21221555970381, 19.063064493604227, 7.6621444661931735, 13.836379625849013]
} 
{
"std_dev_angle" : [1.7764771388779674, 1.8545866763031278, 2.3203511784800583, 3.8921703974971704, 1.8933462445987423, 1.869923363378684, 1.5288106550745795, 5.524139942125844, 0.9746130491871599, 5.368358444043392, 0.3102213121668984]
} 
