{
"std_dev_x" : [75.29445706760256, 96.2080327343436, 101.40289553749567, 45.41821131062204, 51.03117237464272, 55.01395899167875, 32.053489674569015, 32.589488341779166, 28.61384385492286, 60.97006452473246, 40.77941457690695, 9.863910855039887, 10.170115484051959, 6.7508589540197015]
} 
{
"std_dev_y" : [55.166854597354295, 43.65866009166597, 39.66202638918767, 33.70933573898207, 54.236195433008696, 79.24953568277105, 67.02165208764816, 84.35395420920258, 10.488312954502621, 38.818384750376154, 20.513470919016374, 11.097766212374747, 10.488540085361706, 5.116071161475858]
} 
{
"std_dev_angle" : [1.823933683962769, 1.7245543107907204, 2.7550836526877385, 3.9998623008220946, 1.4098616180178725, 1.8186386763180034, 1.9768260381102922, 2.200033815170199, 1.4325123518724499, 4.896749260667615, 0.5493988899174979, 4.810240106241823, 4.664202061819197, 0.14747438708246371]
} 
