{
"std_dev_x" : [75.29445706760256, 77.54849267031801, 77.97163220291671, 59.6163453744982, 63.44748207261692, 24.943144476564388, 15.310426871325134, 4.971298283141411, 9.149921648499843, 6.24993428705532, 10.696762155977414]
} 
{
"std_dev_y" : [55.166854597354295, 36.7388585982682, 35.21695000405628, 23.284578137075925, 69.73171463235231, 44.39606963314204, 11.131118884527918, 9.02502653243379, 9.328426049023196, 5.047112881531327, 3.8435296530261676]
} 
{
"std_dev_angle" : [1.823933683962769, 1.4176704885994778, 1.8259908897121433, 4.430422316045994, 1.4300188915708625, 1.0012093707958885, 0.5822952460606757, 5.721868095615866, 0.23921270775854, 5.7665996179214805, 0.19749294133620668]
} 
