{
"std_dev_x" : [75.29445706760256, 197.85988866540802, 174.77799561288876, 7.424109748284507, 13.420795160982415, 13.617511999894298]
} 
{
"std_dev_y" : [55.166854597354295, 23.2629821875162, 21.20965564273314, 8.386703518048716, 138.66694223149509, 148.35908632262718]
} 
{
"std_dev_angle" : [1.823933683962769, 2.866673071401528, 2.7914221332162263, 3.2010866094180113, 3.0049805342936318, 3.0016065065352353]
} 
