{
"std_dev_x" : [72.67294079455658, 132.09895365149464, 131.6037862389534, 15.36313400545684, 15.07225697714103, 15.495711131211916]
} 
{
"std_dev_y" : [57.754087049913004, 33.40434621983984, 31.63286848549998, 11.567760396843116, 131.97188641885, 142.12453873531828]
} 
{
"std_dev_angle" : [1.811602678529423, 2.439484416869617, 2.874551402596871, 3.4857881328337146, 2.8984217333727913, 2.8955277495231933]
} 
