{
"std_dev_x" : [72.67294079455658, 99.86378770946435, 98.06653185568042, 51.1919407241694, 55.12455928702995, 55.82080625996675, 40.4712633987398, 36.71539401112306, 34.030803273184766, 121.65216938113072, 105.64906364203138, 66.73969547306004, 26.173909953824886, 6.607076920626524]
} 
{
"std_dev_y" : [57.754087049913004, 37.14390510412847, 38.54343322454226, 37.86901603535946, 94.87097384931776, 102.20297318627465, 99.3063481135445, 124.24387728114826, 11.386403342277037, 39.357990153002696, 51.44307935023941, 11.61767030186185, 7.83660113904534, 4.777774308676742]
} 
{
"std_dev_angle" : [1.811602678529423, 1.978543667149214, 2.3485889754054687, 3.9310636176120473, 2.3164602952626496, 2.237087936118367, 2.530240921671703, 2.626485159810703, 2.4141593331679823, 4.069103712424798, 2.4191213667619222, 4.682433505154381, 4.621156403107112, 0.1531259030433059]
} 
