{
"std_dev_x" : [72.67294079455658, 83.62696311656433, 80.06103078830752, 31.784662124978805, 41.699220415316205, 51.412405312183076, 14.02590503027008, 79.07382112333535, 64.26480281605915, 4.6877555292948605, 10.065061487872482]
} 
{
"std_dev_y" : [57.754087049913004, 48.832661174947084, 50.88613910805993, 26.43487340721717, 64.0019306766523, 85.32840655652053, 8.299169232210932, 49.36052068663798, 37.379997480454364, 6.500029038090513, 7.143068608513189]
} 
{
"std_dev_angle" : [1.811602678529423, 1.388222291344368, 2.0324249257597224, 4.561556010248298, 1.5862990311752025, 1.866378459619398, 3.1336660468113275, 5.0651454307509045, 1.5338598100056706, 5.7442188258733875, 0.18950205067807724]
} 
