{
"std_dev_x" : [73.9885006763189, 103.02407497870007, 95.51642746019844, 83.31901312322405, 57.19353903512423, 25.024743697402194, 26.960422775529203, 23.851955198961612, 4.126751932978273, 2.7218429305308933, 2.7665673209036665, 0.8092022712883632]
} 
{
"std_dev_y" : [58.24639046736343, 44.99721675186888, 44.37415435100856, 50.35243017259179, 33.82687893571854, 59.152208677100695, 60.96120232653484, 12.031116742292852, 13.288706730868522, 6.5492100822502985, 5.57270059953077, 5.500163425584568]
} 
{
"std_dev_angle" : [1.8512396722819926, 1.8815376812983458, 1.3212629044418713, 1.395487302479821, 3.0467235168964883, 1.2344263971754499, 1.1684304186249328, 1.241048724402434, 4.630406071912627, 0.032748247887872686, 0.033450708587004004, 0.039176678338047555]
} 
