{
"std_dev_x" : [74.35566801044246, 70.47974235390822, 85.30071596521863, 108.29392286681222, 102.12527930378455, 62.62256454247344, 31.880026085691913]
} 
{
"std_dev_y" : [58.28160673360467, 54.38336099675522, 48.576166207819426, 50.43637254253143, 54.14629349688433, 39.458621623266026, 76.22714801583452]
} 
{
"std_dev_angle" : [1.8540709195827396, 1.8593378194366343, 1.8627772182382119, 1.704908930932378, 2.405262208667764, 4.192371468083168, 1.8354198743495431]
} 
