{
"std_dev_x" : [119.70247120780475, 96.21143768480684, 136.69675128677423, 139.18284065386837, 146.16848080081618, 88.86254699373998, 7.477115898594956]
} 
{
"std_dev_y" : [100.40326940808279, 38.668190506417375, 43.348638128370894, 62.860966818572955, 25.38964250273324, 13.708275487851703, 5.770545354602462]
} 
{
"std_dev_angle" : [1.8512396722819926, 2.4456177069275813, 3.7778421471914014, 2.693452508395803, 4.605297624899117, 4.98321035705557, 0.12995702957275307]
} 
