{
"std_dev_x" : [75.29445706760256, 113.32012268177218, 111.5412068559289, 50.28401807363927, 55.85975606279448, 53.167366614929236, 21.87777941954431, 145.02037463826534, 143.5920791968571, 143.8811460966269, 37.13918074550495]
} 
{
"std_dev_y" : [55.166854597354295, 46.620828391312536, 49.967538476204375, 36.8020120970628, 87.42870933862716, 124.60057193721363, 10.776892690424372, 32.0546768554111, 47.40740583393125, 24.74598117200552, 25.04612021217062]
} 
{
"std_dev_angle" : [1.823933683962769, 1.8126587925716957, 2.154577392435282, 3.606946324642916, 1.9629923558942548, 3.0794417792692594, 2.2216280607423675, 3.434444659559993, 2.49106856110219, 5.149637777743962, 0.5014690037529645]
} 
