{
"std_dev_x" : [72.67294079455658, 125.28971501246183, 124.1935415091227, 54.85386976270221, 55.74817248201598, 44.539704036800515, 51.825649749835975, 145.7518578661855, 132.26251428658102, 228.75369811866972]
} 
{
"std_dev_y" : [57.754087049913004, 41.975414332284544, 45.67611997568307, 34.82203059109493, 119.25360582869236, 129.59880153031378, 9.617409739141301, 47.309001569661206, 67.39261681729711, 34.859248760069384]
} 
{
"std_dev_angle" : [1.811602678529423, 2.124936020547752, 2.494353098263304, 3.482972559421516, 2.649070499939473, 2.9442549852444744, 2.8207798573817406, 3.4949657076013017, 2.749691008699696, 2.085059600839519]
} 
