{
"std_dev_x" : [75.14032723274629, 113.27537333150424, 108.65950402734423, 47.92391201873276, 50.117844936939036, 26.871252239258006, 33.83281438062657, 148.63037394104617, 145.3894219191709, 1.7023606974795529, 6.249902978534873]
} 
{
"std_dev_y" : [56.621614368670805, 32.274343619707885, 33.14937969588312, 25.08280570980605, 118.30989180530705, 141.16296902785768, 6.5232990587673845, 9.96826945350039, 50.725261932642944, 3.3902866977462804, 3.9302780661909407]
} 
{
"std_dev_angle" : [1.8108835899975961, 2.093637091810279, 2.3834535745426444, 3.939972658725738, 2.4287085302182683, 2.976133128534315, 2.7376153834331953, 3.800727484522998, 2.6675748235307783, 5.425022071953023, 0.1407616743789926]
} 
