{
"std_dev_x" : [75.63149009604598, 109.55497069918945, 106.73232064706067, 42.5049383302336, 50.718960935584846, 26.41801506627031, 37.010912186074684, 153.97688942760757, 157.33807898057498, 235.1585638604655, 229.84729710617705]
} 
{
"std_dev_y" : [56.86340517116524, 41.94466596500587, 41.043897318193004, 27.02839701179083, 99.96817208543905, 148.43894493317222, 6.50714061889348, 35.7815713530112, 71.03268897931517, 78.44508294203868, 178.44837056213203]
} 
{
"std_dev_angle" : [1.7956574370101819, 1.8656349152203637, 2.26788171743454, 4.210704696657177, 2.126813995516556, 3.16729215825801, 3.060826654690318, 3.348921096800234, 3.1838648550473843, 3.1442612006224078, 3.149769040045957]
} 
