{
"std_dev_x" : [75.29445706760256, 94.26704602114717, 88.1296217239563, 54.34181713650553, 46.5927871515537, 20.038357604243892, 14.388401107920497, 4.415298576595586, 8.807795196795023, 4.585707842299457, 10.32851676027702]
} 
{
"std_dev_y" : [55.166854597354295, 34.49205918691891, 33.540422170910794, 29.788818819116663, 50.984440250964745, 41.5345077306631, 9.880195485757364, 8.201822896316276, 8.871359299067407, 4.907089614124004, 3.9622176639046436]
} 
{
"std_dev_angle" : [1.823933683962769, 1.6631738996335537, 1.8818187293443263, 4.395985799641576, 1.1454320752955174, 0.8210625257381428, 0.7975425086467751, 5.9744480500294825, 0.2588234449890958, 5.8928883249845345, 0.21417711575502707]
} 
